  101,Nickola,Gemeau,ngemeau0@topsy.com,CA,9,2013-04-26,0
  102,Syman,Stothard,sstothard1@wikia.com,TX,2,2018-04-28,0
  103,Susannah,Lanfear,slanfear2@sun.com,,4,2013-07-16,0
  104,Dorthy,Limpricht,dlimpricht3@privacy.gov.au,FL,6,2015-12-19,0
  105,Jillian,Goggan,jgoggan4@ning.com,,8,2014-08-07,0
  106,Lowrance,Lundie,llundie5@sourceforge.net,PA,7,2010-12-16,0
  107,Janeta,Cahen,jcahen6@oakley.com,AZ,9,2016-03-13,0
  108,Ebony,Greig,egreig7@addthis.com,TX,7,2017-11-12,0
  109,Malory,Niblo,mniblo8@eventbrite.com,OH,9,2016-08-15,0
  110,Annabell,Fortin,afortin9@hud.gov,NC,3,2011-05-30,0
  111,Porty,Ferentz,pferentza@biblegateway.com,CA,5,2010-10-05,0
  112,Nathalie,Cornels,ncornelsb@washingtonpost.com,CO,3,2016-07-11,1
  113,Celle,Reagan,creaganc@shinystat.com,CA,1,2015-01-22,0
  114,Harper,Dibner,hdibnerd@furl.net,VA,7,2017-07-08,1
  115,Vin,Welland,vwellande@who.int,CA,9,2020-09-16,1
  116,Marrissa,Lowdwell,mlowdwellf@bloglines.com,MD,0,2011-03-10,1
  117,Viki,Heaselgrave,vheaselgraveg@nhs.uk,,8,2018-02-04,0
  118,Aridatha,Way,awayh@i2i.jp,OK,7,2012-06-08,1
  119,Nathanial,Vidgeon,nvidgeoni@webnode.com,RI,5,2013-02-02,0
  120,Emlyn,Kenewell,ekenewellj@vistaprint.com,CA,9,2010-05-13,1
  121,Nada,Luno,nluno0@elegantthemes.com,PA,7,2014-04-02,1
  122,Thaine,Bavidge,tbavidge1@howstuffworks.com,,1,2013-07-11,0
  123,Crystie,McEttigen,cmcettigen2@squidoo.com,CA,9,2013-07-04,1
  124,Sayres,Hobson,shobson3@ovh.net,IL,4,2013-12-19,1
  125,Reube,Gittoes,rgittoes4@home.pl,AR,3,2017-01-02,0
  126,Kaleb,Kay,kkay5@huffingtonpost.com,CA,10,2016-11-20,1
  127,Radcliffe,Spirit,rspirit6@i2i.jp,AL,7,2015-12-06,1
  128,Cart,Clapson,cclapson7@un.org,CA,10,2018-07-26,1
  129,Mellisent,Martinat,mmartinat8@vistaprint.com,FL,1,2020-04-05,1
  130,Elisabet,Gunther,egunther9@sina.com.cn,TX,4,2011-07-23,1
  131,Peder,Droogan,pdroogana@xinhuanet.com,TN,6,2010-08-23,0
  132,Janifer,Tendahl,jtendahlb@google.de,AL,9,2019-08-07,1
  133,Vidovik,McGee,vmcgeec@tamu.edu,CA,6,2017-09-09,1
  134,Cleveland,MacCambridge,cmaccambridged@dailymotion.com,OH,8,2019-03-17,1
  135,Wiley,Stather,wstathere@elegantthemes.com,,0,2020-07-20,1
  136,Tracey,McSporon,tmcsporonf@bloomberg.com,GA,7,2019-08-03,0
  137,Lulita,Sinnock,lsinnockg@paypal.com,FL,1,2012-04-29,0
  138,Shawn,Sancto,ssanctoh@rambler.ru,CA,0,2014-04-03,0
  139,Putnam,Jukes,pjukesi@alibaba.com,VA,10,2010-03-05,0
  140,Steve,Lias,sliasj@washington.edu,TX,8,2011-08-16,0